Epoch,Loss
0,618.634765625
1,236.61172485351562
2,162.32261657714844
3,1248.2943115234375
4,100.79420471191406
5,27.224851608276367
