Epoch,Loss
0,58.663970947265625
1,4743.001953125
2,4743.001953125
3,4743.001953125
4,4743.001953125
5,4743.001953125
6,4743.001953125
