Epoch,Loss
0,122.97483825683594
1,13219.3369140625
2,8.725449562072754
3,nan
4,nan
5,nan
6,nan
