Epoch,Loss
0,722.5130615234375
1,273.3587341308594
2,189.7515411376953
3,1003.5884399414062
4,239.4792938232422
5,46.2115592956543
