Epoch,Loss
0,18.650314331054688
1,2390.9033203125
2,467.40130615234375
3,nan
4,nan
5,nan
6,nan
