Epoch,Loss
0,722.5130615234375
1,71804.296875
2,147930.734375
3,148218.25
4,148226.15625
5,148226.15625
6,148226.15625
7,148226.15625
8,148226.15625
9,148226.15625
