Epoch,Loss
0,339.7125244140625
1,78704.4140625
2,1.5603140592575073
3,nan
4,nan
5,nan
6,nan
