Epoch,Loss
0,318.63848876953125
1,45405.328125
2,11.481344223022461
3,nan
4,nan
5,nan
6,nan
