Epoch,Loss
0,58.663970947265625
1,4246.2294921875
2,4705.39404296875
3,4705.39404296875
4,4705.39404296875
5,4705.39404296875
6,4705.39404296875
7,4705.39404296875
