Epoch,Loss
0,18.650314331054688
1,2391.189697265625
2,2391.189697265625
3,2391.189697265625
4,2391.189697265625
5,2391.189697265625
6,2391.189697265625
