Epoch,Loss
0,99.56229400634766
1,5868.9296875
2,9843.640625
3,9846.0
4,9846.0
5,9846.0
6,9846.0
7,9846.0
8,9846.0
