Epoch,Loss
0,3.5712783336639404
1,237.18922424316406
2,279.5445556640625
3,279.5445556640625
4,279.5445556640625
5,279.5445556640625
6,279.5445556640625
7,279.5445556640625
