Epoch,Loss
0,53.319801330566406
1,4119.43798828125
2,4710.923828125
3,4710.923828125
4,4710.923828125
5,4710.923828125
6,4710.923828125
7,4710.923828125
