Epoch,Loss
0,3.5712783336639404
1,281.0627136230469
2,1.1495356559753418
3,nan
4,nan
5,nan
6,nan
