Epoch,Loss
0,118.98458862304688
1,15202.1357421875
2,28433.28515625
3,28434.833984375
4,28434.833984375
5,28434.833984375
6,28434.833984375
7,28434.833984375
8,28434.833984375
