Epoch,Loss
0,472.03131103515625
1,20169.580078125
2,69188.0625
3,67710.0703125
4,52076.36328125
5,27178.53125
6,1195.4798583984375
7,21.71302604675293
8,22.763479232788086
9,26.007081985473633
10,29.136579513549805
11,31.8521785736084
12,65956.78125
13,71006.21875
14,71006.21875
15,71006.21875
16,71006.21875
17,71006.21875
18,71006.21875
