Epoch,Loss
0,1087.9490966796875
1,188662.65625
2,196373.640625
3,196373.640625
4,196373.640625
5,196373.640625
6,196373.640625
7,196373.640625
