Epoch,Loss
0,868.215087890625
1,363.9700622558594
2,21.89854621887207
3,24.475292205810547
4,25.22102928161621
5,24.935148239135742
6,24.298110961914062
7,23.438034057617188
8,22.500747680664062
9,21.46954917907715
10,20.352933883666992
11,19.228134155273438
12,18.199974060058594
13,17.24729347229004
14,16.371265411376953
15,15.556136131286621
16,14.9627046585083
17,nan
18,nan
19,nan
20,nan
