Epoch,Loss
0,339.7125244140625
1,76239.328125
2,78500.046875
3,78500.046875
4,78500.046875
5,78500.046875
6,78500.046875
7,78500.046875
