Epoch,Loss
0,22.095075607299805
1,2322.204833984375
2,2862.691162109375
3,2863.095947265625
4,2863.095947265625
5,2863.095947265625
6,2863.095947265625
7,2863.095947265625
8,2863.095947265625
