Epoch,Loss
0,952.5866088867188
1,174278.984375
2,180131.53125
3,6776.32275390625
4,39.34663009643555
5,nan
6,nan
7,nan
8,nan
