Epoch,Loss
0,53.319801330566406
1,4744.6787109375
2,4744.6787109375
3,4744.6787109375
4,4744.6787109375
5,4744.6787109375
6,4744.6787109375
