Epoch,Loss
0,250.16981506347656
1,20212.619140625
2,31684.55859375
3,31757.576171875
4,31762.533203125
5,31762.892578125
6,31762.892578125
7,31762.892578125
8,31762.892578125
9,31762.892578125
10,31762.892578125
