Epoch,Loss
0,472.03131103515625
1,71006.21875
2,71006.21875
3,71006.21875
4,71006.21875
5,71006.21875
6,71006.21875
