Epoch,Loss
0,993.4888305664062
1,185857.34375
2,5.012078762054443
3,nan
4,nan
5,nan
6,nan
