Epoch,Loss
0,132.8770294189453
1,15063.7109375
2,21256.994140625
3,21260.15625
4,21260.15625
5,21260.15625
6,21260.15625
7,21260.15625
8,21260.15625
