Epoch,Loss
0,250.16981506347656
1,25531.16796875
2,31757.841796875
3,31762.892578125
4,31762.892578125
5,31762.892578125
6,31762.892578125
7,31762.892578125
8,31762.892578125
