Epoch,Loss
0,698.05126953125
1,145084.8125
2,13.705998420715332
3,nan
4,nan
5,nan
6,nan
