Epoch,Loss
0,27.12971305847168
1,3258.946533203125
2,3258.946533203125
3,3258.946533203125
4,3258.946533203125
5,3258.946533203125
6,3258.946533203125
