Epoch,Loss
0,265.3622131347656
1,62600.4609375
2,62600.4609375
3,62600.4609375
4,62600.4609375
5,62600.4609375
6,62600.4609375
