Epoch,Loss
0,848.658935546875
1,29826.1875
2,162240.03125
3,136354.84375
4,46661.79296875
5,1070.3817138671875
6,70.7809066772461
7,41.843894958496094
8,36.959983825683594
9,nan
10,nan
11,nan
12,nan
