Epoch,Loss
0,455.6981506347656
1,68486.53125
2,97590.6640625
3,97593.8125
4,97593.8125
5,97593.8125
6,97593.8125
7,97593.8125
8,97593.8125
