Epoch,Loss
0,18.650314331054688
1,896.8714599609375
2,2325.545166015625
3,2285.04248046875
4,1701.6243896484375
5,675.3711547851562
6,80.9454574584961
7,6.383448123931885
8,2.767063617706299
9,2.2675681114196777
10,2.136436700820923
11,2.0725791454315186
12,2.023591995239258
13,nan
14,nan
15,nan
16,nan
