Epoch,Loss
0,3.5712783336639404
1,144.92156982421875
2,278.81219482421875
3,279.510986328125
4,279.5445556640625
5,279.5445556640625
6,279.5445556640625
7,279.5445556640625
8,279.5445556640625
9,279.5445556640625
