Epoch,Loss
0,472.03131103515625
1,70972.5
2,22.73408317565918
3,nan
4,nan
5,nan
6,nan
