Epoch,Loss
0,58.663970947265625
1,137.5826873779297
2,9.454096794128418
3,7.847498416900635
4,7.008960247039795
5,6.184930324554443
6,5.973917007446289
7,5.833254814147949
8,5.6960015296936035
9,5.564770698547363
10,5.45783805847168
11,5.372356414794922
12,nan
13,nan
14,nan
15,nan
