Epoch,Loss
0,993.4888305664062
1,185947.046875
2,185947.046875
3,185947.046875
4,185947.046875
5,185947.046875
6,185947.046875
