Epoch,Loss
0,593.6863403320312
1,103505.5703125
2,127865.8828125
3,127875.796875
4,127875.796875
5,127875.796875
6,127875.796875
7,127875.796875
8,127875.796875
