Epoch,Loss
0,318.63848876953125
1,43753.421875
2,45215.9296875
3,45215.9296875
4,45215.9296875
5,45215.9296875
6,45215.9296875
7,45215.9296875
