Epoch,Loss
0,27.12971305847168
1,1931.40673828125
2,3233.32373046875
3,3241.359375
4,3242.302490234375
5,3242.41162109375
6,3242.41162109375
7,3242.41162109375
8,3242.41162109375
9,3242.41162109375
10,3242.41162109375
