Epoch,Loss
0,132.8770294189453
1,10660.2705078125
2,21213.951171875
3,21257.650390625
4,21260.15625
5,21260.15625
6,21260.15625
7,21260.15625
8,21260.15625
9,21260.15625
