Epoch,Loss
0,58.663970947265625
1,2280.140869140625
2,4689.95263671875
3,4700.33544921875
4,4701.85546875
5,4701.9521484375
6,4698.900390625
7,4696.2998046875
8,4694.1455078125
9,4689.6240234375
10,4679.1904296875
11,4558.32666015625
12,4468.171875
13,4468.1708984375
14,nan
15,nan
16,nan
17,nan
