Epoch,Loss
0,952.5866088867188
1,180823.40625
2,4.7152228355407715
3,nan
4,nan
5,nan
6,nan
