Epoch,Loss
0,265.3622131347656
1,43.634342193603516
2,43.87071990966797
3,0.9744042158126831
4,2.0090606212615967
5,2.9039292335510254
6,1.1930429935455322
7,1.2102395296096802
8,1.404444694519043
9,1.4429371356964111
10,nan
11,nan
12,nan
13,nan
