Epoch,Loss
0,868.215087890625
1,127823.7109375
2,168991.71875
3,169009.875
4,169009.875
5,169009.875
6,169009.875
7,169009.875
8,169009.875
