Epoch,Loss
0,722.5130615234375
1,23767.783203125
2,144705.078125
3,119000.0546875
4,32485.615234375
5,68.22985076904297
6,23.786436080932617
7,23.828460693359375
8,24.91981315612793
9,nan
10,nan
11,nan
12,nan
