Epoch,Loss
0,698.05126953125
1,145091.796875
2,145091.796875
3,145091.796875
4,145091.796875
5,145091.796875
6,145091.796875
