Epoch,Loss
0,118.98458862304688
1,28506.94921875
2,28506.94921875
3,28506.94921875
4,28506.94921875
5,28506.94921875
6,28506.94921875
