Epoch,Loss
0,159.69223022460938
1,40133.921875
2,40133.921875
3,40133.921875
4,40133.921875
5,40133.921875
6,40133.921875
