Epoch,Loss
0,593.6863403320312
1,5422.8564453125
2,13.61970043182373
3,13.728039741516113
4,15790.015625
5,11.498286247253418
6,13.05815315246582
7,14.18200969696045
8,15.17587947845459
9,15.950647354125977
10,16.586803436279297
11,17.14067840576172
12,17.609283447265625
13,nan
14,nan
15,nan
16,nan
