Epoch,Loss
0,606.1986083984375
1,66367.7109375
2,96368.578125
3,96380.984375
4,96380.984375
5,96380.984375
6,96380.984375
7,96380.984375
8,96380.984375
