Epoch,Loss
0,952.5866088867188
1,100543.7890625
2,179767.90625
3,180204.53125
4,180242.65625
5,180247.296875
6,180247.296875
7,180247.296875
8,180247.296875
9,180247.296875
10,180247.296875
