Epoch,Loss
0,952.5866088867188
1,45308.96484375
2,176048.1875
3,157038.296875
4,77062.03125
5,4471.66650390625
6,42.77729415893555
7,28.205411911010742
8,27.80960464477539
9,27.591005325317383
10,35.59136199951172
11,nan
12,nan
13,nan
14,nan
