Epoch,Loss
0,339.7125244140625
1,1126.791748046875
2,4.326338291168213
3,4.340819835662842
4,4.1349592208862305
5,8.00390625
6,55969.29296875
7,6.698582172393799
8,2.3140876293182373
9,2.180274486541748
10,2.111131429672241
11,nan
12,nan
13,nan
14,nan
