Epoch,Loss
0,868.215087890625
1,341.9124450683594
2,235.0953369140625
3,50.32000732421875
4,19.456584930419922
5,10.640593528747559
