Epoch,Loss
0,3.5712783336639404
1,2.491441011428833
2,1.573118805885315
3,1.2231513261795044
4,1.0158436298370361
5,0.9321162104606628
