Epoch,Loss
0,22.095075607299805
1,1085.288330078125
2,2798.412841796875
3,2752.143798828125
4,2073.35791015625
5,905.2445678710938
6,119.20957946777344
7,9.75479507446289
8,3.494941473007202
9,2.6711666584014893
10,2.4652559757232666
11,2.3907082080841064
12,nan
13,nan
14,nan
15,nan
