Epoch,Loss
0,27.12971305847168
1,2545.7900390625
2,3241.390625
3,3242.41162109375
4,3242.41162109375
5,3242.41162109375
6,3242.41162109375
7,3242.41162109375
8,3242.41162109375
