Epoch,Loss
0,122.97483825683594
1,222.0020294189453
2,12.271385192871094
3,11.012816429138184
4,10.22545051574707
5,8.832764625549316
6,8.395389556884766
7,8.064614295959473
8,7.776760101318359
9,7.520278453826904
10,7.299659729003906
11,7.116939067840576
12,nan
13,nan
14,nan
15,nan
