Epoch,Loss
0,118.98458862304688
1,26963.833984375
2,28434.833984375
3,28434.833984375
4,28434.833984375
5,28434.833984375
6,28434.833984375
7,28434.833984375
