Epoch,Loss
0,1087.9490966796875
1,97624.71875
2,193010.671875
3,193945.328125
4,184485.71875
5,139493.53125
6,74732.3828125
7,81682.4296875
8,27178.181640625
9,9615.1865234375
10,213.50404357910156
11,27.556537628173828
12,nan
13,nan
14,nan
15,nan
