Epoch,Loss
0,122.97483825683594
1,11851.4140625
2,13178.22265625
3,13178.22265625
4,13178.22265625
5,13178.22265625
6,13178.22265625
7,13178.22265625
