Epoch,Loss
0,250.16981506347656
1,27906.0546875
2,31762.892578125
3,31762.892578125
4,31762.892578125
5,31762.892578125
6,31762.892578125
7,31762.892578125
