Epoch,Loss
0,722.5130615234375
1,1390.1597900390625
2,16.966882705688477
3,18.23218536376953
4,17.755083084106445
5,15.733494758605957
6,12.50951099395752
7,27.700889587402344
8,12.233622550964355
9,12.546648025512695
10,12.59439754486084
11,12.449169158935547
12,12.191340446472168
13,nan
14,nan
15,nan
16,nan
