Epoch,Loss
0,339.7125244140625
1,16351.451171875
2,77387.75
3,73185.09375
4,32617.43359375
5,10.602575302124023
6,6.613097190856934
7,6.6182122230529785
8,6.7574543952941895
9,6.877490997314453
10,6.96396541595459
11,nan
12,nan
13,nan
14,nan
