Epoch,Loss
0,99.56229400634766
1,9910.626953125
2,9910.626953125
3,9910.626953125
4,9910.626953125
5,9910.626953125
6,9910.626953125
