Epoch,Loss
0,27.12971305847168
1,3140.62646484375
2,3242.41162109375
3,3242.41162109375
4,3242.41162109375
5,3242.41162109375
6,3242.41162109375
7,3242.41162109375
