Epoch,Loss
0,993.4888305664062
1,575.8009643554688
2,29.52476692199707
3,32.54547882080078
4,33.23890686035156
5,32.45545196533203
6,31.14879608154297
7,29.671154022216797
8,27.96967124938965
9,26.075618743896484
10,24.240398406982422
11,22.628101348876953
12,21.22007179260254
13,19.946874618530273
14,18.779733657836914
15,17.70958137512207
16,16.718036651611328
17,15.80046558380127
18,13.184805870056152
19,nan
20,nan
21,nan
22,nan
