Epoch,Loss
0,246.5807342529297
1,58576.53125
2,1.7497011423110962
3,nan
4,nan
5,nan
6,nan
