Epoch,Loss
0,27.12971305847168
1,3258.858154296875
2,296.68267822265625
3,nan
4,nan
5,nan
6,nan
