Epoch,Loss
0,455.6981506347656
1,40080.58203125
2,97454.34375
3,97586.328125
4,97593.8125
5,97593.8125
6,97593.8125
7,97593.8125
8,97593.8125
9,97593.8125
