Epoch,Loss
0,22.095075607299805
1,2542.299072265625
2,2863.095947265625
3,2863.095947265625
4,2863.095947265625
5,2863.095947265625
6,2863.095947265625
7,2863.095947265625
