Epoch,Loss
0,618.634765625
1,132320.484375
2,132320.484375
3,132320.484375
4,132320.484375
5,132320.484375
6,132320.484375
