Epoch,Loss
0,250.16981506347656
1,11499.3359375
2,31049.5234375
3,30958.478515625
4,26935.70703125
5,21758.06640625
6,13401.3857421875
7,4981.80126953125
8,881.1480102539062
9,13.013978958129883
10,31.232181549072266
11,1419.423828125
12,31919.84375
13,31925.283203125
14,31925.90625
15,31925.90625
16,31925.90625
17,31925.90625
18,31925.90625
19,31925.90625
