Epoch,Loss
0,58.663970947265625
1,3884.125
2,4705.39208984375
3,4705.39404296875
4,4705.39404296875
5,4705.39404296875
6,4705.39404296875
7,4705.39404296875
8,4705.39404296875
