Epoch,Loss
0,318.63848876953125
1,45421.91015625
2,45421.91015625
3,45421.91015625
4,45421.91015625
5,45421.91015625
6,45421.91015625
