Epoch,Loss
0,318.63848876953125
1,36405.9765625
2,45210.9453125
3,45215.9296875
4,45215.9296875
5,45215.9296875
6,45215.9296875
7,45215.9296875
8,45215.9296875
