Epoch,Loss
0,848.658935546875
1,126080.2109375
2,166556.671875
3,166574.5
4,166574.5
5,166574.5
6,166574.5
7,166574.5
8,166574.5
