Epoch,Loss
0,1087.9490966796875
1,165115.203125
2,196340.71875
3,196373.640625
4,196373.640625
5,196373.640625
6,196373.640625
7,196373.640625
8,196373.640625
