Epoch,Loss
0,99.56229400634766
1,8530.0576171875
2,9846.0
3,9846.0
4,9846.0
5,9846.0
6,9846.0
7,9846.0
