Epoch,Loss
0,868.215087890625
1,30189.728515625
2,164378.015625
3,136570.09375
4,46536.87109375
5,874.5743408203125
6,61.045528411865234
7,39.15747833251953
8,39.04129409790039
9,nan
10,nan
11,nan
12,nan
