Epoch,Loss
0,455.6981506347656
1,97875.3515625
2,97875.3515625
3,97875.3515625
4,97875.3515625
5,97875.3515625
6,97875.3515625
