Epoch,Loss
0,265.3622131347656
1,15860.9775390625
2,62325.515625
3,62379.81640625
4,62310.23046875
5,61819.40234375
6,58379.16015625
7,44791.0390625
8,29133.533203125
9,26100.62890625
10,26191.78515625
11,26191.7578125
12,26643.279296875
13,30401.509765625
14,33642.29296875
15,34379.43359375
16,32445.1875
17,nan
18,nan
19,nan
20,nan
