Epoch,Loss
0,993.4888305664062
1,45421.4765625
2,181493.6875
3,165112.390625
4,68631.09375
5,538.5633544921875
6,35.20182418823242
7,30.77528953552246
8,31.533828735351562
9,31.939693450927734
10,nan
11,nan
12,nan
13,nan
