Epoch,Loss
0,455.6981506347656
1,457.2781677246094
2,11.150337219238281
3,13.082612037658691
4,13.709646224975586
5,13.91466236114502
6,13.879243850708008
7,13.660758972167969
8,13.32349681854248
9,12.869721412658691
10,12.33533000946045
11,11.763758659362793
12,nan
13,nan
14,nan
15,nan
