Epoch,Loss
0,159.69223022460938
1,34.118507385253906
2,1.1601567268371582
3,1.2777704000473022
4,3.3973188400268555
5,1.5171838998794556
6,1.7992217540740967
7,1.984950304031372
8,2.1003589630126953
9,2.1855902671813965
10,2.2477452754974365
11,nan
12,nan
13,nan
14,nan
