Epoch,Loss
0,22.095075607299805
1,1866.0623779296875
2,2856.182373046875
3,2862.6337890625
4,2863.06884765625
5,2863.095947265625
6,2863.095947265625
7,2863.095947265625
8,2863.095947265625
9,2863.095947265625
10,2863.095947265625
