Epoch,Loss
0,132.8770294189453
1,64.31051635742188
2,40.55328369140625
3,17.71535301208496
4,9.619353294372559
5,5.6436662673950195
