Epoch,Loss
0,99.56229400634766
1,80.77153778076172
2,11.989009857177734
3,10.258030891418457
4,8.513456344604492
5,10.644143104553223
6,7.340682506561279
7,7.257936954498291
8,7.161683082580566
9,7.016507625579834
10,6.830937385559082
11,nan
12,nan
13,nan
14,nan
