Epoch,Loss
0,122.97483825683594
1,13258.18359375
2,13258.18359375
3,13258.18359375
4,13258.18359375
5,13258.18359375
6,13258.18359375
