Epoch,Loss
0,722.5130615234375
1,127912.484375
2,148226.15625
3,148226.15625
4,148226.15625
5,148226.15625
6,148226.15625
7,148226.15625
