Epoch,Loss
0,618.634765625
1,105089.140625
2,131917.375
3,131937.65625
4,131937.65625
5,131937.65625
6,131937.65625
7,131937.65625
8,131937.65625
