Epoch,Loss
0,339.7125244140625
1,78707.1328125
2,78707.1328125
3,78707.1328125
4,78707.1328125
5,78707.1328125
6,78707.1328125
