Epoch,Loss
0,15.663372039794922
1,1352.3265380859375
2,2383.4765625
3,2389.241455078125
4,2389.562255859375
5,2389.562255859375
6,2389.562255859375
7,2389.562255859375
8,2389.562255859375
9,2389.562255859375
