Epoch,Loss
0,99.56229400634766
1,3105.369384765625
2,9819.306640625
3,9834.8291015625
4,9831.8701171875
5,9818.0693359375
6,9791.4228515625
7,9757.396484375
8,9671.19140625
9,8336.791015625
10,9592.1640625
11,9822.146484375
12,9841.8095703125
13,9846.0
14,9846.0
15,9846.0
16,9846.0
17,9846.0
18,9846.0
