Epoch,Loss
0,698.05126953125
1,28110.3125
2,141606.625
3,126754.5625
4,61593.7578125
5,3658.652099609375
6,16.84434700012207
7,17.455270767211914
8,18.87449836730957
9,19.832551956176758
10,nan
11,nan
12,nan
13,nan
