Epoch,Loss
0,455.6981506347656
1,83084.890625
2,97593.8125
3,97593.8125
4,97593.8125
5,97593.8125
6,97593.8125
7,97593.8125
