Epoch,Loss
0,18.650314331054688
1,1933.7447509765625
2,2379.657470703125
3,2379.94189453125
4,2379.94189453125
5,2379.94189453125
6,2379.94189453125
7,2379.94189453125
8,2379.94189453125
