Epoch,Loss
0,246.5807342529297
1,1006.8222045898438
2,3.4319686889648438
3,3.3655455112457275
4,2.963347911834717
5,2.4774329662323
6,2.72674298286438
7,2.54297137260437
8,2.5250041484832764
9,2.452450752258301
10,nan
11,nan
12,nan
13,nan
