Epoch,Loss
0,132.8770294189453
1,5007.24560546875
2,20800.458984375
3,19779.0234375
4,13017.994140625
5,3022.1513671875
6,11.70419979095459
7,9.275480270385742
8,10.362195014953613
9,11.346869468688965
10,12.146876335144043
11,12.899893760681152
12,13.39583969116211
13,13.460079193115234
14,19246.14453125
15,20139.828125
16,19921.98828125
17,nan
18,nan
19,nan
20,nan
