Epoch,Loss
0,593.6863403320312
1,115165.7890625
2,127875.796875
3,127875.796875
4,127875.796875
5,127875.796875
6,127875.796875
7,127875.796875
