Epoch,Loss
0,722.5130615234375
1,148654.3125
2,3.0755646228790283
3,nan
4,nan
5,nan
6,nan
