Epoch,Loss
0,118.98458862304688
1,28467.70703125
2,0.9552232027053833
3,nan
4,nan
5,nan
6,nan
