Epoch,Loss
0,952.5866088867188
1,4060.378662109375
2,33.085716247558594
3,36.91214370727539
4,33.73778533935547
5,40.400142669677734
6,22.30826187133789
7,22.49983787536621
8,22.807147979736328
9,22.685630798339844
10,22.29779052734375
11,21.78571319580078
12,21.20783042907715
13,nan
14,nan
15,nan
16,nan
