Epoch,Loss
0,618.634765625
1,125371.5859375
2,131937.65625
3,131937.65625
4,131937.65625
5,131937.65625
6,131937.65625
7,131937.65625
