Epoch,Loss
0,318.63848876953125
1,13228.01171875
2,44320.59375
3,43910.73828125
4,35410.33984375
5,25798.349609375
6,10068.01953125
7,1389.6024169921875
8,35.83796691894531
9,12.784796714782715
10,13.377086639404297
11,13.919954299926758
12,14.480315208435059
13,17.313961029052734
14,20.046480178833008
15,22.79388427734375
16,26.800823211669922
17,nan
18,nan
19,nan
20,nan
