Epoch,Loss
0,3.5712783336639404
1,4.974184513092041
2,1.2428789138793945
3,1.1928902864456177
4,1.0893170833587646
5,1.070366621017456
6,1.055027723312378
7,1.0417044162750244
8,1.0303664207458496
9,1.0212889909744263
10,1.014478087425232
11,nan
12,nan
13,nan
14,nan
