Epoch,Loss
0,159.69223022460938
1,40108.140625
2,0.8803741931915283
3,nan
4,nan
5,nan
6,nan
