Epoch,Loss
0,868.215087890625
1,85335.25
2,168724.171875
3,169007.015625
4,169009.875
5,169009.875
6,169009.875
7,169009.875
8,169009.875
9,169009.875
