Epoch,Loss
0,472.03131103515625
1,64792.453125
2,70701.59375
3,70701.59375
4,70701.59375
5,70701.59375
6,70701.59375
7,70701.59375
