Epoch,Loss
0,1087.9490966796875
1,139986.984375
2,195732.21875
3,196348.1875
4,196373.640625
5,196373.640625
6,196373.640625
7,196373.640625
8,196373.640625
9,196373.640625
