Epoch,Loss
0,18.650314331054688
1,2247.280029296875
2,2379.94189453125
3,2379.94189453125
4,2379.94189453125
5,2379.94189453125
6,2379.94189453125
7,2379.94189453125
