Epoch,Loss
0,606.1986083984375
1,84804.3515625
2,96380.984375
3,96380.984375
4,96380.984375
5,96380.984375
6,96380.984375
7,96380.984375
