Epoch,Loss
0,53.319801330566406
1,2172.13330078125
2,4710.068359375
3,4710.923828125
4,4710.923828125
5,4710.923828125
6,4710.923828125
7,4710.923828125
8,4710.923828125
