Epoch,Loss
0,1087.9490966796875
1,192997.171875
2,196373.40625
3,196373.640625
4,196373.640625
5,196373.640625
6,196373.640625
7,196373.640625
8,196373.640625
