Epoch,Loss
0,27.12971305847168
1,1080.4974365234375
2,3169.412109375
3,3093.86083984375
4,2324.89404296875
5,1297.96337890625
6,76.08409118652344
7,2.7033472061157227
8,2.826526403427124
9,3.013382911682129
10,3.149374008178711
11,3.2575950622558594
12,nan
13,nan
14,nan
15,nan
