Epoch,Loss
0,53.319801330566406
1,3639.0068359375
2,4710.923828125
3,4710.923828125
4,4710.923828125
5,4710.923828125
6,4710.923828125
7,4710.923828125
