Epoch,Loss
0,22.095075607299805
1,288.4366760253906
2,3.3472957611083984
3,3.7400496006011963
4,4.651937484741211
5,2.741330146789551
6,2.601053237915039
7,2.5424985885620117
8,2.500849485397339
9,2.4642269611358643
10,2.431540012359619
11,2.401414632797241
12,2.2983970642089844
13,nan
14,nan
15,nan
16,nan
