Epoch,Loss
0,722.5130615234375
1,111511.6953125
2,148208.59375
3,148226.15625
4,148226.15625
5,148226.15625
6,148226.15625
7,148226.15625
8,148226.15625
