Epoch,Loss
0,246.5807342529297
1,14933.3408203125
2,58373.375
3,58424.81640625
4,58361.7109375
5,57903.37109375
6,54757.20703125
7,42126.24609375
8,27752.150390625
9,27965.42578125
10,33029.203125
11,35934.90625
12,36055.96484375
13,36036.06640625
14,nan
15,nan
16,nan
17,nan
