Epoch,Loss
0,698.05126953125
1,139899.875
2,144657.609375
3,144657.609375
4,144657.609375
5,144657.609375
6,144657.609375
7,144657.609375
