Epoch,Loss
0,265.3622131347656
1,46707.47265625
2,62439.21875
3,62439.21875
4,62439.21875
5,62439.21875
6,62439.21875
7,62439.21875
