Epoch,Loss
0,848.658935546875
1,84248.1796875
2,166294.21875
3,166571.734375
4,166574.5
5,166574.5
6,166574.5
7,166574.5
8,166574.5
9,166574.5
