Epoch,Loss
0,952.5866088867188
1,156804.171875
2,180247.296875
3,180247.296875
4,180247.296875
5,180247.296875
6,180247.296875
7,180247.296875
