Epoch,Loss
0,246.5807342529297
1,31628.8203125
2,58477.8359375
3,58480.03515625
4,58480.03515625
5,58480.03515625
6,58480.03515625
7,58480.03515625
8,58480.03515625
