Epoch,Loss
0,848.658935546875
1,167078.453125
2,4.431153297424316
3,nan
4,nan
5,nan
6,nan
