Epoch,Loss
0,58.663970947265625
1,4742.658203125
2,9.215012550354004
3,nan
4,nan
5,nan
6,nan
