Epoch,Loss
0,53.319801330566406
1,4730.83251953125
2,5.124730110168457
3,nan
4,nan
5,nan
6,nan
