Epoch,Loss
0,593.6863403320312
1,79010.859375
2,127744.5546875
3,127875.796875
4,127875.796875
5,127875.796875
6,127875.796875
7,127875.796875
8,127875.796875
