Epoch,Loss
0,159.69223022460938
1,1775.504150390625
2,4.268388271331787
3,15.960905075073242
4,3.489323139190674
5,2.7535769939422607
6,2.2962663173675537
7,2.051381826400757
8,1.8708786964416504
9,1.7314804792404175
10,1.6115392446517944
11,2.0049657821655273
12,5.303236961364746
13,345.6517028808594
14,19.983570098876953
15,10.467421531677246
16,nan
17,nan
18,nan
19,nan
