Epoch,Loss
0,246.5807342529297
1,43258.85546875
2,58480.03515625
3,58480.03515625
4,58480.03515625
5,58480.03515625
6,58480.03515625
7,58480.03515625
