Epoch,Loss
0,246.5807342529297
1,58629.63671875
2,58629.63671875
3,58629.63671875
4,58629.63671875
5,58629.63671875
6,58629.63671875
