Epoch,Loss
0,848.658935546875
1,167107.078125
2,167107.078125
3,167107.078125
4,167107.078125
5,167107.078125
6,167107.078125
