Epoch,Loss
0,339.7125244140625
1,68674.3359375
2,78500.046875
3,78500.046875
4,78500.046875
5,78500.046875
6,78500.046875
7,78500.046875
