Epoch,Loss
0,868.215087890625
1,169526.015625
2,4.920296669006348
3,nan
4,nan
5,nan
6,nan
