Epoch,Loss
0,18.650314331054688
1,1553.8916015625
2,2374.01708984375
3,2379.526123046875
4,2379.91162109375
5,2379.94189453125
6,2379.94189453125
7,2379.94189453125
8,2379.94189453125
9,2379.94189453125
10,2379.94189453125
