Epoch,Loss
0,265.3622131347656
1,62544.9296875
2,1.8998955488204956
3,nan
4,nan
5,nan
6,nan
