Epoch,Loss
0,848.658935546875
1,1922.4442138671875
2,20.176345825195312
3,19.76601791381836
4,18.43532943725586
5,15.609777450561523
6,18.27033233642578
7,16.567707061767578
8,15.500636100769043
9,13.74911117553711
10,12.890634536743164
11,12.645033836364746
12,nan
13,nan
14,nan
15,nan
