Epoch,Loss
0,265.3622131347656
1,1076.67529296875
2,5.949836730957031
3,47366.4453125
4,6.035224914550781
5,7.525753498077393
6,8.557132720947266
7,9.672903060913086
8,11.375807762145996
9,nan
10,nan
11,nan
12,nan
