Epoch,Loss
0,455.6981506347656
1,10679.064453125
2,91906.8515625
3,18.779796600341797
4,15.883143424987793
5,15.321516036987305
6,12.930062294006348
7,13.735825538635254
8,3669.724609375
9,15.378384590148926
10,nan
11,nan
12,nan
13,nan
