Epoch,Loss
0,606.1986083984375
1,20722.400390625
2,94059.9140625
3,87355.1875
4,43245.546875
5,1076.577392578125
6,43.8785400390625
7,47.48427963256836
8,48.926353454589844
9,59.5208625793457
10,44.5113639831543
11,41.65046691894531
12,40.13322067260742
13,52.385528564453125
14,356.2956848144531
15,54.39165496826172
16,nan
17,nan
18,nan
19,nan
