Epoch,Loss
0,868.215087890625
1,169555.203125
2,169555.203125
3,169555.203125
4,169555.203125
5,169555.203125
6,169555.203125
