Epoch,Loss
0,250.16981506347656
1,31922.240234375
2,3758.1083984375
3,nan
4,nan
5,nan
6,nan
