Epoch,Loss
0,132.8770294189453
1,21334.2734375
2,2.6384947299957275
3,nan
4,nan
5,nan
6,nan
