Epoch,Loss
0,618.634765625
1,5059.89111328125
2,10.771629333496094
3,90.67920684814453
4,11.683409690856934
5,10.937849998474121
6,10.7484130859375
7,10.650825500488281
8,10.7395601272583
9,10.905333518981934
10,10.77496337890625
11,10.480826377868652
12,nan
13,nan
14,nan
15,nan
