Epoch,Loss
0,722.5130615234375
1,148676.328125
2,148676.328125
3,148676.328125
4,148676.328125
5,148676.328125
6,148676.328125
