Epoch,Loss
0,1054.400634765625
1,761.4313354492188
