Epoch,Loss
0,1087.9490966796875
1,490.75341796875
2,312.3319396972656
3,207.35940551757812
4,141.8478240966797
5,153.2593536376953
