Epoch,Loss
0,15.663372039794922
1,2046.8402099609375
2,2389.562255859375
3,2389.562255859375
4,2389.562255859375
5,2389.562255859375
6,2389.562255859375
7,2389.562255859375
