Epoch,Loss
0,132.8770294189453
1,19881.15625
2,21260.15625
3,21260.15625
4,21260.15625
5,21260.15625
6,21260.15625
7,21260.15625
