Epoch,Loss
0,22.095075607299805
1,2876.520751953125
2,2876.520751953125
3,2876.520751953125
4,2876.520751953125
5,2876.520751953125
6,2876.520751953125
