Epoch,Loss
0,159.69223022460938
1,23915.037109375
2,40034.640625
3,40038.0703125
4,40038.0703125
5,40038.0703125
6,40038.0703125
7,40038.0703125
8,40038.0703125
