Epoch,Loss
0,472.03131103515625
1,4066.74609375
2,25.84347152709961
3,33.18013000488281
4,24.108125686645508
5,18.539525985717773
6,17.58995246887207
7,16.840782165527344
8,16.15195655822754
9,15.525141716003418
10,15.000173568725586
11,14.586549758911133
12,14.278099060058594
13,nan
14,nan
15,nan
16,nan
