Epoch,Loss
0,118.98458862304688
1,271.5838623046875
2,1.8033311367034912
3,1.9317882061004639
4,1.894938588142395
5,1.4872627258300781
6,1.1583973169326782
7,1.2511214017868042
8,1.5288810729980469
9,34.022972106933594
10,19.399734497070312
11,nan
12,nan
13,nan
14,nan
