Epoch,Loss
0,472.03131103515625
1,39824.3359375
2,70529.09375
3,70693.3984375
4,70701.59375
5,70701.59375
6,70701.59375
7,70701.59375
8,70701.59375
9,70701.59375
