Epoch,Loss
0,722.5130615234375
1,279.9472351074219
2,15.145108222961426
3,16.757770538330078
4,17.67961883544922
5,17.6766414642334
6,17.341466903686523
7,16.859189987182617
8,16.316980361938477
9,15.716080665588379
10,15.100529670715332
11,14.493443489074707
12,13.870562553405762
13,13.24315071105957
14,12.6382474899292
15,12.0482759475708
16,11.47835636138916
17,11.040556907653809
18,nan
19,nan
20,nan
21,nan
