Epoch,Loss
0,15.663372039794922
1,686.8750610351562
2,2339.684814453125
3,2294.93115234375
4,1737.578369140625
5,795.0547485351562
6,72.47624206542969
7,4.031853199005127
8,1.4220737218856812
9,1.207348346710205
10,1.1726288795471191
11,1.1506325006484985
12,nan
13,nan
14,nan
15,nan
