Epoch,Loss
0,118.98458862304688
1,6486.37255859375
2,28375.791015625
3,28376.5703125
4,28202.478515625
5,23100.681640625
6,8428.63671875
7,413.37872314453125
8,1.3775529861450195
9,nan
10,nan
11,nan
12,nan
