Epoch,Loss
0,606.1986083984375
1,45775.93359375
2,96178.5546875
3,96369.59375
4,96380.984375
5,96380.984375
6,96380.984375
7,96380.984375
8,96380.984375
9,96380.984375
