Epoch,Loss
0,606.1986083984375
1,96646.5625
2,7.2633161544799805
3,nan
4,nan
5,nan
6,nan
