Epoch,Loss
0,18.650314331054688
1,230.5956573486328
2,2.9445276260375977
3,3.317786931991577
4,3.4758477210998535
5,2.454259157180786
6,2.273252248764038
7,2.2017335891723633
8,2.152388095855713
9,2.115116596221924
10,2.0845084190368652
11,2.058640956878662
12,2.140258550643921
13,nan
14,nan
15,nan
16,nan
