Epoch,Loss
0,952.5866088867188
1,180847.984375
2,180847.984375
3,180847.984375
4,180847.984375
5,180847.984375
6,180847.984375
