Epoch,Loss
0,122.97483825683594
1,2207.788818359375
2,12811.4443359375
3,11500.2578125
4,2096.73291015625
5,18.518186569213867
6,20.259967803955078
7,20.956819534301758
8,21.37004852294922
9,17.551795959472656
10,nan
11,nan
12,nan
13,nan
