Epoch,Loss
0,698.05126953125
1,109735.6328125
2,144648.0625
3,144657.609375
4,144657.609375
5,144657.609375
6,144657.609375
7,144657.609375
8,144657.609375
