Epoch,Loss
0,318.63848876953125
1,27792.541015625
2,45104.14453125
3,45203.9609375
4,45213.44921875
5,45214.91015625
6,45214.5
7,45212.69921875
8,45206.875
9,45187.48046875
10,45044.73046875
11,43769.28125
12,42979.90234375
13,42957.20703125
14,nan
15,nan
16,nan
17,nan
