Epoch,Loss
0,952.5866088867188
1,138292.75
2,180206.421875
3,180247.296875
4,180247.296875
5,180247.296875
6,180247.296875
7,180247.296875
8,180247.296875
