Epoch,Loss
0,606.1986083984375
1,96770.1328125
2,96770.1328125
3,96770.1328125
4,96770.1328125
5,96770.1328125
6,96770.1328125
