Epoch,Loss
0,18.650314331054688
1,10.867491722106934
2,5.872076511383057
3,5.134084701538086
4,2.4164559841156006
5,1.8030800819396973
