Epoch,Loss
0,53.319801330566406
1,314.34442138671875
2,4145.65869140625
3,8.102828025817871
4,7.494869232177734
5,8.68233871459961
6,9.140067100524902
7,9.622515678405762
8,10.304070472717285
9,9.292510986328125
10,nan
11,nan
12,nan
13,nan
