Epoch,Loss
0,848.658935546875
1,155680.65625
2,166574.5
3,166574.5
4,166574.5
5,166574.5
6,166574.5
7,166574.5
