Epoch,Loss
0,993.4888305664062
1,99731.953125
2,184977.625
3,185303.015625
4,185319.609375
5,185319.609375
6,185319.609375
7,185319.609375
8,185319.609375
9,185319.609375
