Epoch,Loss
0,993.4888305664062
1,136868.609375
2,185308.875
3,185319.609375
4,185319.609375
5,185319.609375
6,185319.609375
7,185319.609375
8,185319.609375
