Epoch,Loss
0,122.97483825683594
1,5976.1708984375
2,13150.3896484375
3,13172.83203125
4,13177.3876953125
5,13178.158203125
6,13178.22265625
7,13178.22265625
8,13178.22265625
9,13178.22265625
10,13178.22265625
11,13178.22265625
