Epoch,Loss
0,132.8770294189453
1,21344.19140625
2,21344.19140625
3,21344.19140625
4,21344.19140625
5,21344.19140625
6,21344.19140625
