Epoch,Loss
0,868.215087890625
1,163063.296875
2,169009.875
3,169009.875
4,169009.875
5,169009.875
6,169009.875
7,169009.875
