Epoch,Loss
0,3.5712783336639404
1,281.27996826171875
2,281.27996826171875
3,281.27996826171875
4,281.27996826171875
5,281.27996826171875
6,281.27996826171875
