Epoch,Loss
0,339.7125244140625
1,40741.2890625
2,78438.8515625
3,78500.046875
4,78500.046875
5,78500.046875
6,78500.046875
7,78500.046875
8,78500.046875
