Epoch,Loss
0,99.56229400634766
1,9845.5283203125
2,6.564489364624023
3,nan
4,nan
5,nan
6,nan
