Epoch,Loss
0,122.97483825683594
1,9570.283203125
2,13176.6865234375
3,13178.22265625
4,13178.22265625
5,13178.22265625
6,13178.22265625
7,13178.22265625
8,13178.22265625
