Epoch,Loss
0,698.05126953125
1,74336.546875
2,144468.65625
3,144657.609375
4,144657.609375
5,144657.609375
6,144657.609375
7,144657.609375
8,144657.609375
