Epoch,Loss
0,618.634765625
1,78555.3125
2,131695.703125
3,131936.46875
4,131937.65625
5,131937.65625
6,131937.65625
7,131937.65625
8,131937.65625
9,131937.65625
