Epoch,Loss
0,15.663372039794922
1,2398.761474609375
2,5.0204572677612305
3,nan
4,nan
5,nan
6,nan
