Epoch,Loss
0,53.319801330566406
1,1242.067138671875
2,4695.6806640625
3,4699.46923828125
4,4691.0185546875
5,4677.1220703125
6,4644.107421875
7,4316.83544921875
8,3478.238525390625
9,2243.554931640625
10,847.5971069335938
11,nan
12,nan
13,nan
14,nan
