Epoch,Loss
0,593.6863403320312
1,128242.46875
2,128242.46875
3,128242.46875
4,128242.46875
5,128242.46875
6,128242.46875
