Epoch,Loss
0,22.095075607299805
1,2876.136474609375
2,863.2739868164062
3,nan
4,nan
5,nan
6,nan
