Epoch,Loss
0,472.03131103515625
1,53664.828125
2,70690.6328125
3,70701.59375
4,70701.59375
5,70701.59375
6,70701.59375
7,70701.59375
8,70701.59375
