Epoch,Loss
0,265.3622131347656
1,33734.078125
2,62436.953125
3,62439.21875
4,62439.21875
5,62439.21875
6,62439.21875
7,62439.21875
8,62439.21875
