Epoch,Loss
0,15.663372039794922
1,2399.245361328125
2,2399.245361328125
3,2399.245361328125
4,2399.245361328125
5,2399.245361328125
6,2399.245361328125
