Epoch,Loss
0,250.16981506347656
1,31925.90625
2,31925.90625
3,31925.90625
4,31925.90625
5,31925.90625
6,31925.90625
