Epoch,Loss
0,159.69223022460938
1,36968.36328125
2,40038.0703125
3,40038.0703125
4,40038.0703125
5,40038.0703125
6,40038.0703125
7,40038.0703125
