Epoch,Loss
0,159.69223022460938
1,13084.0712890625
2,39990.625
3,40034.046875
4,40037.71484375
5,40038.0625
6,40037.88671875
7,40036.375
8,40028.78125
9,40003.1171875
10,39987.265625
11,39944.10546875
12,39794.7734375
13,39733.11328125
14,39691.734375
15,39640.48828125
16,37842.1953125
17,37810.0078125
18,37265.98828125
19,nan
20,nan
21,nan
22,nan
